[{
        "Name": "Double Caramel Frappuccino",
        "Description": "Lorem ipsum dolor sit amet, consectetuer adipiscing elit. Maecenas porttitor congue massa. Fusce posuere, magna sed pulvinar ultricies, purus lectus malesuada libero, sit amet commodo magna eros quis urna.",
        "Price": 200,
        "PictureUrl": "images/products/double-caramel-frappuccino.png",
        "CategoryId": 1,
        "BrandId": 1
    },
    {
        "Name": "White Chocolate Mocha Frappuccino",
        "Description": "Nunc viverra imperdiet enim. Fusce est. Vivamus a tellus.",
        "Price": 150,
        "PictureUrl": "images/products/white-chocolate-mocha-frappuccino.png",
        "CategoryId": 1,
        "BrandId": 1
    },
    {
        "Name": "Iced Cafe Latte",
        "Description": "Suspendisse dui purus, scelerisque at, vulputate vitae, pretium mattis, nunc. Mauris eget neque at sem venenatis eleifend. Ut nonummy.",
        "Price": 180,
        "PictureUrl": "images/products/iced-cafe-latte.png",
        "CategoryId": 2,
        "BrandId": 1
    },
    {
        "Name": "White Chocolate Mocha",
        "Description": "Pellentesque habitant morbi tristique senectus et netus et malesuada fames ac turpis egestas. Proin pharetra nonummy pede. Mauris et orci.",
        "Price": 300,
        "PictureUrl": "images/products/white-chocolate-mocha.png",
        "CategoryId": 3,
        "BrandId": 2
    },
    {
        "Name": "Iced Caramel Macchiato",
        "Description": "Lorem ipsum dolor sit amet, consectetuer adipiscing elit. Maecenas porttitor congue massa. Fusce posuere, magna sed pulvinar ultricies, purus lectus malesuada libero, sit amet commodo magna eros quis urna.",
        "Price": 250,
        "PictureUrl": "images/products/iced-caramel-macchiato.png",
        "CategoryId": 4,
        "BrandId": 1
    },
    {
        "Name": "Hot Caramel Macchiato",
        "Description": "Aenean nec lorem. In porttitor. Donec laoreet nonummy augue.",
        "Price": 120,
        "PictureUrl": "images/products/hot-caramel-macchiato.png",
        "CategoryId": 4,
        "BrandId": 5
    },
    {
        "Name": "Iced Matcha Latte",
        "Description": "Fusce posuere, magna sed pulvinar ultricies, purus lectus malesuada libero, sit amet commodo magna eros quis urna.",
        "Price": 10,
        "PictureUrl": "images/products/iced-matcha-latte.png",
        "CategoryId": 5,
        "BrandId": 2
    },
    {
        "Name": "Honey Cake",
        "Description": "Suspendisse dui purus, scelerisque at, vulputate vitae, pretium mattis, nunc. Mauris eget neque at sem venenatis eleifend. Ut nonummy.",
        "Price": 8,
        "PictureUrl": "images/products/honey-cake.png",
        "CategoryId": 6,
        "BrandId": 1
    },
    {
        "Name": "Blueberry Cheesecake",
        "Description": "Fusce posuere, magna sed pulvinar ultricies, purus lectus malesuada libero, sit amet commodo magna eros quis urna.",
        "Price": 15,
        "PictureUrl": "images/products/blueberry-cheesecake.png",
        "CategoryId": 6,
        "BrandId": 1
    },
    {
        "Name": "Glazed Donuts",
        "Description": "Nunc viverra imperdiet enim. Fusce est. Vivamus a tellus.",
        "Price": 18,
        "PictureUrl": "images/products/glazed-donuts.png",
        "CategoryId": 7,
        "BrandId": 3
    },
    {
        "Name": "Greek Salad",
        "Description": "Pellentesque habitant morbi tristique senectus et netus et malesuada fames ac turpis egestas. Proin pharetra nonummy pede. Mauris et orci.",
        "Price": 15,
        "PictureUrl": "images/products/greek-salad.png",
        "CategoryId": 7,
        "BrandId": 1
    },
    {
        "Name": "Iced Black Tea Lemonade",
        "Description": "Lorem ipsum dolor sit amet, consectetuer adipiscing elit. Maecenas porttitor congue massa.",
        "Price": 16,
        "PictureUrl": "images/products/iced-black-tea-lemonade.png",
        "CategoryId": 4,
        "BrandId": 4
    },
    {
        "Name": "Iced London Fog Tea Latte",
        "Description": "Pellentesque habitant morbi tristique senectus et netus et malesuada fames ac turpis egestas. Proin pharetra nonummy pede. Mauris et orci.",
        "Price": 14,
        "PictureUrl": "images/products/iced-london-fog-tea-latte.png",
        "CategoryId": 4,
        "BrandId": 4
    },
    {
        "Name": "Turkey Bacon, Cheddar & Egg White Sandwich",
        "Description": "Suspendisse dui purus, scelerisque at, vulputate vitae, pretium mattis, nunc. Mauris eget neque at sem venenatis eleifend. Ut nonummy.",
        "Price": 250,
        "PictureUrl": "images/products/turkey-bacon-cheddar-and-egg-white-sandwich.png",
        "CategoryId": 3,
        "BrandId": 6
    },
    {
        "Name": "Iced Matcha",
        "Description": "Lorem ipsum dolor sit amet, consectetuer adipiscing elit. Maecenas porttitor congue massa. Fusce posuere, magna sed pulvinar ultricies, purus lectus malesuada libero, sit amet commodo magna eros quis urna.",
        "Price": 189.99,
        "PictureUrl": "images/products/iced-matcha.png",
        "CategoryId": 3,
        "BrandId": 2
    },
    {
        "Name": "Double-Smoked Bacon, Cheddar & Egg Sandwich",
        "Description": "Pellentesque habitant morbi tristique senectus et netus et malesuada fames ac turpis egestas. Proin pharetra nonummy pede. Mauris et orci.",
        "Price": 199.99,
        "PictureUrl": "images/products/double-smoked-bacon-cheddar-and-egg-sandwich.png",
        "CategoryId": 3,
        "BrandId": 2
    },
    {
        "Name": "Iced Chai Tea Latte with Oleato Golden Foam",
        "Description": "Aenean nec lorem. In porttitor. Donec laoreet nonummy augue.",
        "Price": 150,
        "PictureUrl": "images/products/iced-chai-tea-latte-with-oleato-golden-foam.png",
        "CategoryId": 3,
        "BrandId": 1
    },
    {
        "Name": "Dragon Drink® Starbucks Refreshers® Beverage with Oleato Golden Foam",
        "Description": "Suspendisse dui purus, scelerisque at, vulputate vitae, pretium mattis, nunc. Mauris eget neque at sem venenatis eleifend. Ut nonummy.",
        "Price": 180,
        "PictureUrl": "images/products/dragon-drink-starbucks-refreshers-beverage-with-oleato-golden-foam.png",
        "CategoryId": 3,
        "BrandId": 1
    }
]